{"val_loss": [0.6843715906143188, 0.6822962164878845, 0.7036149501800537, 0.7030847072601318, 0.7151001691818237, 0.735427737236023, 0.7646520137786865, 0.8641690611839294, 0.9604833126068115, 1.019834041595459, 1.0625183582305908, 1.1800010204315186, 1.355055809020996, 1.316963791847229, 1.532790184020996], "val_accuracy": [0.5550936460494995, 0.5617832541465759, 0.5461522936820984, 0.5531763434410095, 0.5293207764625549, 0.5481651425361633, 0.5374378561973572, 0.544450044631958, 0.5334779024124146, 0.5223862528800964, 0.5305750966072083, 0.5262865424156189, 0.5273019671440125, 0.5291296243667603, 0.5322594046592712], "loss": [0.7156100991985428, 0.6903597884942292, 0.6849372524004449, 0.6778998196311101, 0.6572453919856283, 0.6089371576765698, 0.5327419040726573, 0.45031565933272194, 0.37555206336786545, 0.3140784501719301, 0.26711880459869813, 0.22878506691287137, 0.19944152401897836, 0.17573020971621484, 0.1552726399079818], "accuracy": [