{"val_loss":{"0":0.6979539394,"1":0.7051811814,"2":0.710396409,"3":0.7130703926,"4":0.6909246445,"5":0.7777558565,"6":0.7659980655,"7":0.8848166466,"8":0.9517566562,"9":0.8680026531,"10":1.1526379585,"11":1.2675027847,"12":1.159563303,"13":1.14524436,"14":1.5521467924},"val_accuracy":{"0":0.5419772267,"1":0.5270152688,"2":0.5331314802,"3":0.5611620545,"4":0.5308557749,"5":0.534732163,"6":0.5417383313,"7":0.5258983374,"8":0.5298224688,"9":0.5248590112,"10":0.5213828087,"11":0.5327312946,"12":0.5190116167,"13":0.5249127746,"14":0.5172317028},"loss":{"0":0.7154145223,"1":0.6899521441,"2":0.6844288698,"3":0.6743471734,"4":0.6468365519,"5":0.590967983,"6":0.5148809755,"7":0.4353166498,"8":0.3616477725,"9":0.3011080341,"10":0.2520863439,"11":0.2136648876,"12":0.1835465995,"13":0.1599402862,"14":0.1424937445},"accuracy":{"0":0.5217892528,"1":0.5447816253,"2":0.5587868094,"3":0.5820759535,"4":0.6223965287,"5":0.6785859466,"6":0.7373747826,"7":0.7893084288,"8":0.8324519396,"9":0.8659050465,"10":0.8906961083,"11":0.9096298814,"12":0.9243260622,"13":0.9360814095,"14":0.943359375}}